AMERICAN CHEMICAL SYSTEM,http://WWW.AMERICANCHEMICALSYSTEMS.COM
SCHILLING AND MORRIS MARKETING LTD,http://WWW.AQUABON.NET
"AQUATIC BIOSCIENCE, LLC",http://WWW.AQUATICBIOSCIENCE.COM
AQUA TREAT OF KENTUCKY INC,http://WWW.AQUATREATKY.COM
"ASTRO CHEMICALS, INC.",http://WWW.ASTROCHEMICALS.COM
C P A INC,http://WWW.ATLANTICCLEANING.COM
"ATLAS CHEMICAL, INC.",http://WWW.ATLASCHEMICAL.COM
ATOTECH USA INC.,http://WWW.ATOTECH.COM
AVASTAR BRANDS LLC,http://WWW.AUTOSOL.COM
OMYA SPECIALTY MATERIALS INC.,http://WWW.AZALEACOLOR.COM
"BAKER HUGHES, A GE COMPANY, LLC",http://WWW.BAKERHUGHES.COM
"BAM INTERNATIONAL, LLC",http://WWW.BAMINT.NET
B & L CONTROL SERVICE INC.,http://WWW.BANDLCONTROL.COM
"BARBER'S CHEMICALS, INC.",http://WWW.BARBCHEM.COM
"NK CHEMICALS USA, INC.",http://WWW.BARENTZ.COM
"BARNCO, INC.",http://WWW.BARNCOINC.NET
"BARTON SOLVENTS, INC.",http://WWW.BARSOL.COM
BASF CORPORATION,http://WWW.BASF.COM
BOCSCI INC,http://WWW.BIOSCIENCETECHNOLOGY.COM
"MODERN CHEMICAL, INC.",http://WWW.BLUEGOLDCLEANER.COM
BLUE STAR INDUSTRIES INC,http://WWW.BLUESTARIND.COM
BRINDYL CHEMICAL CORPORATION,http://WWW.BRINDYL.COM
"BUDENHEIM USA, INC.",http://WWW.BUDENHEIM.COM
BUFFALO INDUSTRIAL CHEMICAL INC,http://WWW.BUFFALOINDUSTRIALCHEMICALS.COM
CALLAHAN CHEMICAL COMPANY,http://WWW.CALCHEM.COM
CAMCO CHEMICAL COMPANY INC,http://WWW.CAMCOCHEMICAL.COM
C AND P SALES INC,http://WWW.CANDPSALES.COM
"CAPITOL SCIENTIFIC, INC.",http://WWW.CAPITOLSCIENTIFIC.COM
CARBOCHEM INC.,http://WWW.CARBOCHEM.COM
"CAROLINA CHEMICAL EQUIPMENT COMPANY, INC.",http://WWW.CAROLINACHEMEQUIPMENT.COM
"NEWCO, INC.",http://WWW.CASCADECOLUMBIA.COM
"CAUDILL SPROUTING, LLC",http://WWW.CAUDILLSEED.COM
"CUSTOM CHEMICAL SERVICES, LLC",http://WWW.CCHEMICALS.COM
"CHEMICAL CONSULTANTS, INC.",http://WWW.CCIDOM.COM
"CHEMICAL DISTRIBUTORS, INC.",http://WWW.CDIBUFFALO.COM
CENTRAL CHEMICAL INC,http://WWW.CENTRALCHEMICALAZ.COM
"CESCO SOLUTIONS, INC.",http://WWW.CESCOSOLUTIONS.COM
"CHEMICALS FOR INDUSTRY, INC.",http://WWW.CFICHEMINC.COM
"CH2O, INC.",http://WWW.CH2O.COM
"CHARLOTTE CHEMICAL, INC.",http://WWW.CHARLOTTECHEMICAL.COM
CHEMAX CORPORATION,http://WWW.CHEMAXMIL.COM
"CHEMCEED, LLC",http://WWW.CHEMCEED.COM
CHEMENTRY INDUSTRIES INC.,http://WWW.CHEMENTRY.COM
CHEMEX INDUSTRIES INC,http://WWW.CHEMEXINDUSTRIES.COM
"CHEMICAL SERVICES, INC.",http://WWW.CHEMGROUP.COM
"CHEM INTERNATIONAL, INC.",http://WWW.CHEM-INTERNATIONAL.COM
"CHEMPOINT.COM, INC.",http://WWW.CHEMPOINT.COM
"RE-CYCLE & RE-USE INDUSTRIES, INC.",http://WWW.CHEMREUSE.COM
CHEM-SERV INC,http://WWW.CHEM-SERVONLINE.COM
"C. P. C. INDUSTRIES, INC.",http://WWW.CHEMSOLPRODUCTS.COM
CHEM-SOLV INC,http://WWW.CHEMSOLV.COM
"CHEMSOUTH SOUTHEAST, LLC",http://WWW.CHEMSOUTH.NET
CHEMICAL SPECIALTIES INC,http://WWW.CHEMSPECWORLD.COM
CHEM-WAY CORPORATION,http://WWW.CHEMWAY.COM
CHEM WORLD INC,http://WWW.CHEMWORLDINC.COM
CLARIANT CORPORATION,http://WWW.CLARIANT.COM
"CLEAN RITE SUPPLY, INC.",http://WWW.CLEANRITESUPPLY.COM
"BIOCONJUGATE TECHNOLOGIES, LLC",http://WWW.CLICKCHEMISTRYTOOLS.COM
COCHISE SUPPLIES INC,http://WWW.COCHISE.EDU
"COLE CHEMICAL & DISTRIBUTING, INC.",http://WWW.COLECHEM.COM
COLUMBIA CHEMICAL CORPORATION,http://WWW.COLUMBIACHEMICALNY.COM
"COMMERCE INDUSTRIAL CHEMICALS, INC.",http://WWW.COMMERCEINDUSTRIALCHEMICALS.COM
COMMONWEALTH CHEMICAL SPECIALTIES LLC,http://WWW.COMMONWEALTHCHEM.COM
CONDOR OIL AND CHEMICAL COMPANY,http://WWW.CONDOROILANDCHEMICAL.COM
CONESTOGA FUELS INC,http://WWW.CONESTOGAFUELS.COM
"CONNECTION CHEMICAL, LP",http://WWW.CONNECTIONCHEMICAL.COM
CONSERVATION CHEMISTRY CORP,http://WWW.CONSERVATIONCHEMISTRY.COM
CONSOLIDATED PRODUCTS & SERVICES,http://WWW.CONSOLIDATEDPRODUCTS.COM
CEWAY CHEMICAL SERVICES,http://WWW.CONSULTINGCHEMIST.COM
MCGINNIS CHEMICAL INC,http://WWW.COTEYCHEMICAL.COM
"COVALENT TECHNOLOGIES, INC.",http://WWW.COVALENTTECH.COM
EAGLE CHEMICAL CO (INC),http://WWW.COYNECHEMICAL.COM
GEORGE S COYNE CHEMICAL CO INC,http://WWW.COYNEENVIRONMENTAL.COM
DRILLING SPECIALTIES CO LLC,http://WWW.CPCHEM.COM
CORRELATED PRODUCTS INC,http://WWW.CPIROADSOLUTIONS.COM
C P M INDUSTRIES INC,http://WWW.CPMINDUSTRIES.COM
"CRODA, INC.",http://WWW.CRODAUSA.COM
"CROWLEY TAR PRODUCTS COMPANY, INC.",http://WWW.CROWLEYCHEMICAL.COM
"CLEANER SOLUTIONS, INC.",http://WWW.CSISUPPLIES.COM
"CTL SALES, LP",http://WWW.CTLSALES.COM
D & M EDWARDS INC,http://WWW.DANMARCO.NET
"DAXX, LLC",http://WWW.DAXXCHEMICAL.COM
"DECON7 SYSTEMS, LLC",http://WWW.DECON7.COM
"DENOX DIRECT, LLC",http://WWW.DENOXDIRECT.COM
JIM DERAEDT,http://WWW.DETECINDUSTRIAL.COM
"D & F DISTRIBUTING, INC.",http://WWW.DFDIST.COM
"DIEN, INC.",http://WWW.DIENINC.COM
"D.N. LUKENS, INC.",http://WWW.DNLUKENS.COM
"DOWD AND GUILD, INC.",http://WWW.DOWDANDGUILD.COM
"DPC INDUSTRIES, INC.",http://WWW.DPCINDUSTRIES.COM
DRAKE-PATE INC,http://WWW.DRAKE-PATE.COM
"RUSSACK, INC.",http://WWW.DRISLIDE.COM
"EAGLE TECH, LP",http://WWW.EAGLELABS.COM
OTTAWA PLANT FOOD INC.,http://WWW.EBTECH.NET
EQUILIBRIUM CATALYST INC,http://WWW.EQUILIBRIUMCATALYST.COM
E. T. HORN COMPANY,http://WWW.ETHORN.COM
"ETIMINE USA, INC.",http://WWW.ETIMINEUSA.COM
EVERCHEM LLC,http://WWW.EVERCHEM.COM
"EVEREST SCIENTIFIC, INC.",http://WWW.EVERESTSCI.COM
EVOLVENE LLC,http://WWW.EVOLVENE.COM
"FAESY & BESTHOFF, LLC",http://WWW.FAESYANDBESTHOFF.COM
"FALCON INDUSTRIAL, INC.",http://WWW.FALCONINDUSTRIALINC.COM
"FLINT HILLS RESOURCES, LLC",http://WWW.FHRFUELS.COM
FIVE STAR CHEMICAL COMPANY,http://WWW.FIVESTARCHEMICALS.COM
FOURPOLE AMERICA CORPORATION,http://WWW.FOURPOLEAMERICA.COM
GAGE PRODUCTS COMPANY,http://WWW.GAGEPRODUCTS.COM
"GALATA CHEMICALS HOLDING COMPANY, LLC",http://WWW.GALATACHEMICALS.COM
"GALAXY ASSOCIATES, INC.",http://WWW.GALAXY-ASSOCIATES.COM
"GALLADE CHEMICAL, INC.",http://WWW.GALLADECHEM.COM
GASOCHEM INTERNATIONAL LLC,http://WWW.GASOCHEM.COM
WATERWAY TRANSFER INC,http://WWW.GATEWAYT.COM
"GEHRING-MONTGOMERY, INC.",http://WWW.GEHRING-MONTGOMERY.COM
"GENIE CARE, INC",http://WWW.GENICAREINC.NET
"WATER SOLUTIONS UNLIMITED, INC.",http://WWW.GETWSU.COM
"GILBERT & JONES CO., INC.",http://WWW.GILBERTANDJONES.NET
"GLEASON CHEMICALS, INC.",http://WWW.GLEASONCHEMICALS.COM
GLENN CORPORATION,http://WWW.GLENNCORP.COM
"GLOBAL AM-TX, INC.",http://WWW.GLOBALAM-TX.COM
GLOBAL CHEM SOURCE LLC,http://WWW.GLOBALCHEMSOURCECORP.COM
GENERAL PRODUCTS & SUPPLY INC,http://WWW.GMPGENERALPRODUCTS.COM
GOLDEN BELL PRODUCTS INC,http://WWW.GOLDENBELLPRODUCTS.COM
"GURTLER CHEMICALS, INC.",http://WWW.GURTLER.COM
HARCROS CHEMICALS INC,http://WWW.HARCROS.COM
HERCULES LLC,http://WWW.HERCULES.COM
HIGH PURITY PRODUCTS INC.,http://WWW.HIGHPURITYPRODUCTS.COM
"HEATHER RIDGE, INC.",http://WWW.HIGHRIDGEGULF.COM
HILL BROTHERS CHEMICAL COMPANY,http://WWW.HILLBROTHERSCHEMICAL.COM
"HILLYARD, INC.",http://WWW.HILLYARD.COM
"HITEC CHEMICAL, INC.",http://WWW.HITECCHEMICALS.COM
HOMELAND INDUSTRIAL SUPPLY INC.,http://WWW.HOMELANDINDUSTRIALSUPPLY.COM
HONEYWELL INTERNATIONAL INC.,http://WWW.HONEYWELL.COM
"HUAYOU AMERICAS, INC.",http://WWW.HUAYOU-INTL.COM
HYDRITE CHEMICAL CO.,http://WWW.HYDRITE.COM
INTERNATIONAL CUSTOM SOLUTIONS INC.,http://WWW.ICSI-ONLINE.COM
"IDEAL DISTRIBUTORS, INC.",http://WWW.IDEALSOAP.COM
L & F PHELAN INC.,http://WWW.IMAGESUPPLYSERVICE.COM
"IMPACT POLYURETHANE CHEMICALS, LLC",http://WWW.IMPACTPOLYURETHANECHEMICALS.COM
"MANUFACTURERS INTERTRADE, INC.",http://WWW.IMPORTERS.COM
INDEPENDENT CHEMICAL CORP,http://WWW.INDEPENDENTCHEMICAL.COM
INDEPENDENT CHEMICAL SUPPLY CO,http://WWW.INDEPENDENTCHEMICALCORP.COM
INDUSTRIAL AERO-CHEM,http://WWW.INDUSTRIAL-AERO.COM
INDUSTRIAL CHEMICALS CORPORATION,http://WWW.INDUSTRIALCHEMCORP.COM
"INDUSTRIAL CHEMICAL SPECIALTIES, INC.",http://WWW.INDUSTRIALINTERFACE.COM
"INDUSTRIAL SOLUTION SERVICES, INC.",http://WWW.INDUSTRIALSOLUTIONSERVICES.COM
"INOLEX, INCORPORATED",http://WWW.INOLEX.COM
"INTER BENTLEY, INC.",http://WWW.INTERBENTLEY.COM
INTERCHEM TRADING LLC,http://WWW.INTERCHEM.COM
"INTERNATIONAL TOOL CARE, LLC",http://WWW.INTERNATIONALTOOLCARE.COM
"INTERSTATE CHEMICAL COMPANY, INC.",http://WWW.INTERSTATECHEMICAL.COM
INTERVEST EXIM INC,http://WWW.INTERVEST-BOILERS.COM
IQ PRODUCTS COMPANY,http://WWW.IQPRODUCTS.COM
"INTERNATIONAL SPECIALTY CHEMICALS AND PHARMACEUTICALS, INC.",http://WWW.ISCHEM.COM
IVANHOE INDUSTRIES INC.,http://WWW.IVANHOEINDUSTRIES.COM
JANED ENTERPRISES INC,http://WWW.JANED.NET
"JCI JONES CHEMICALS, INC.",http://WWW.JCICHEM.COM
JEMCO SPECIALTIES LLC,http://WWW.JEMCO-SPECIALTIES.COM
J. F. SHELTON COMPANY,http://WWW.JFSHELTON.COM
JOY MOUNTAIN INNOVATION LLC,http://WWW.JMINNOVATION.COM
"JOHN R. HESS & COMPANY, INC.",http://WWW.JRHESSCO.COM
J R L INC,http://WWW.JRLCYCLES.COM
"JOHN SCHNEIDER & ASSOCIATES, INC.",http://WWW.JSAMC2.COM
"JSR MICRO, INC.",http://WWW.JSRMICRO.COM
KARLAN RESEARCH PRODUCTS CORPORATION,http://WWW.KARLAN.COM
KAUPAS WATER LABS,http://WWW.KAUPASWATER.COM
KEANE CHEMICAL TECHNOLOGIES LLC,http://WWW.KEANETECHUSA.COM
"KEMIRA CHEMICALS, INC.",http://WWW.KEMIRA.COM
"KEM USA, INC.",http://WWW.KEMUSAINC.COM
KEY ORGANICS INC.,http://WWW.KEYORGANICS.NET
"KHARTOUM, INC.",http://WWW.KHARTOUMLOUNGE.COM
"KIMES TECHNOLOGIES INTERNATIONAL, INC.",http://WWW.KIMESTECH.COM
"KIMYA PRODUCTS, INC.",http://WWW.KIMYAPRODUCTS.COM
"KLT CHEMICAL CO., INC.",http://WWW.KLTCHEMICAL.COM
KNIGHT PRODUCTS GROUP LLC,http://WWW.KNIGHTPRODUCTSONLINE.COM
"KRISS PREMIUM PRODUCTS, INC.",http://WWW.KRISSPRODUCTS.COM
LANXESS CORPORATION,http://WWW.LANXESS.US
LEE ROBINSON,http://WWW.LEEROBINSON.COM
LIBERTY LABS INC,http://WWW.LIBERTYLABS.COM
LIBERTY SOLVENTS & CHEMICALS CO INC,http://WWW.LIBERTYSOLVENTS.COM
"LINCOLN FINE INGREDIENTS, INC.",http://WWW.LINCOLNFINEINGREDIENTS.COM
BEST CHEMICAL CORPORATION OF TEXAS,http://WWW.LKAENGINEERS.COM
LOWE CHEMICAL COMPANY,http://WWW.LOWECHEMICAL.COM
LOYALTY CHEMICALS LLC,http://WWW.LOYALTYCHEMICALS.COM
"MAGIC CHEMICALS, INC.",http://WWW.MAGICCHEMICALS.COM
"MALACO INTERNATIONAL, INC.",http://WWW.MALACOINTL.COM
"MALCO PRODUCTS OF OHIO, INC.",http://WWW.MALCOAUTOMOTIVE.COM
MARCO CHEMICAL INC,http://WWW.MARCOCHEMICAL.COM
"BLANSETT ENTERPRISES, INC.",http://WWW.MARTININDUSTRIAL.COM
"MARTREX, INC.",http://WWW.MARTREXINC.COM
MARVEL INDUSTRIAL COATINGS LLC,http://WWW.MARVELCOATINGS.COM
MAYS CHEMICAL COMPANY INC,http://WWW.MAYSCHEM.COM
"MCC CHEMICALS, INC.",http://WWW.MCCCHEMICALS.COM
"M CHEMICAL COMPANY, INC.",http://WWW.MCHEMICAL.COM
MEGLOBAL AMERICAS INC.,http://WWW.MEGLOBAL.BIZ
MERAS ENGINEERING INC.,http://WWW.MERAS.COM
"MESSINA, INCORPORATED",http://WWW.MESSINACHEMICALS.COM
METAL FINISH SUPPLY,http://WWW.METALLICFINISHES.COM
METALLINE CHEMICALS CORPORATION,http://WWW.METALLINECHEMICALS.COM
"MILLER-STEPHENSON CHEMICAL COMPANY, INC",http://WWW.MILLER-STEPHENSON.COM
MJL INDUSTRIAL INC,http://WWW.MJLINDUSTRIAL.COM
"MOLLENDO EQUIPMENT CO., INC.",http://WWW.MOLLENDOEQUIPMENT.COM
"MONSON COMPANIES, LLC",http://WWW.MONSONCO.COM
NAGASE AMERICA CORPORATION,http://WWW.NAGASEAMERICA.COM
NALCO COMPANY,http://WWW.NALCO.COM
NEWPORT CHEMICAL & EQUIPMENT CO INC,http://WWW.NEWPORTCHEMICAL.COM
"NEXEO SOLUTIONS HOLDINGS, LLC",http://WWW.NEXEOSOLUTIONS.COM
"NORTH INDUSTRIAL CHEMICALS, INC.",http://WWW.NMC-NIC.COM
NOCHAR INC,http://WWW.NOCHAR.COM
NOF AMERICA CORPORATION,http://WWW.NOFAMERICA.COM
NH RESOURCES LLC,http://WWW.NO-HEAT.COM
NOVICK CHEMICAL CO INC,http://WWW.NOVICKCHEMICAL.COM
"SCIENTIFIC DISTRIBUTORS, LLC",http://WWW.NURNBERG.COM
OBCO CHEMICAL CO INC,http://WWW.OBCOSERVICES.COM
OCI INTERNATIONAL INC.,http://WWW.OCICORP.CO.KR
THE O C LUGO CO INC,http://WWW.OCLUGO.COM
ODOR CONTROL COMPANY INC,http://WWW.ODORCONTROLCO.COM
"OHIO CHEMICAL SERVICES, INC.",http://WWW.OHIOCHEMICAL.COM
"OILFIELD SPECIALTY CHEMICALS, INC.",http://WWW.OILSPECCHEM.COM
"OMICRON TECHNOLOGIES, LLC",http://WWW.OMICRONTECH.NET
"ONIS, INC.",http://WWW.ONISLINEBLIND.COM
"OPERATORS UNLIMITED, INC.",http://WWW.OPERATORSUNLIMITED.NET
"ORISON MARKETING, L.L.C.",http://WWW.ORISONMARKETING.COM
"OSSIAN, INC.",http://WWW.OSSIAN.COM
"PALMER HOLLAND, INC.",http://WWW.PALMERHOLLAND.COM
"PARKER SOLVENTS COMPANY, INC.",http://WWW.PARKERSOLVENTSCOMPANY.COM
"PATRIOT INDUSTRIAL TECHNOLOGIES, LTD.",http://WWW.PATRIOTINDUSTRIALTECH.COM
PENNTEX INC,http://WWW.PENNTEXUSA.COM
PERFORMANCE CHEMICAL COMPANY,http://WWW.PERF-CHEM.COM
PETROMOR INC,http://WWW.PETROMOR.COM
"PHARMCO PRODUCTS, INC.",http://WWW.PHARMCOAAPER.COM
PHICHEM U.S.A INC.,http://WWW.PHICHEM.COM
ACE MART RESTAURANT SUPPLY COMPANY,http://WWW.PHILLIPS66.COM
"PLATING SPECIALISTS, INC.",http://WWW.PLATINGSPECIALISTSINC.COM
"POLECARE, INC.",http://WWW.POLECARE.COM
"PORTER WARNER INDUSTRIES, LLC",http://WWW.PORTERWARNER.COM
"PRODUCTION PARTNERS CHEMICAL CO., INC.",http://WWW.PPLC.NET
PROCESS PRODUCTS NORTHWEST,http://WWW.PPN.COM
"PRIMARY CHEMICALS, LLC",http://WWW.PRIMARYCHEMICALS.COM
"PROGRESSIVE COMMERCIAL AQUATICS, INC.",http://WWW.PROAQUATIC.COM
"PRO-LINE INDUSTRIAL PRODUCTS, INC.",http://WWW.PROLINEINDUSTRIAL.COM
QNET GLOBAL INC,http://WWW.QNETGLOBAL.NET
QUADRA CHEMICALS INC.,http://WWW.QUADRA.CA
QUALITY CHEMICAL PRODUCTS INC,http://WWW.QUALITYCHEMICAL.COM
RAN BIOTECHNOLOGIES INC.,http://WWW.RANBIOTECHNOLOGIES.COM
REBEL YELL INC,http://WWW.REBELYELL.COM
AQUA TREATMENT COMPANY INCORPORATED,http://WWW.RECHAPMAN.COM
"RESMART, LLC",http://WWW.RESMART.COM
REYNOLDS & MARKMAN INC,http://WWW.REYNOLDSANDMARKMAN.COM
RHINO LININGS CORPORATION,http://WWW.RHINOLININGS.COM
R&D CHEMICAL CORPORATION,http://WWW.RIVERSIDECHEMICAL.COM
RML CORPORATION,http://WWW.RML.COM
"ROWAYTON TRADING COMPANY, INC.",http://WWW.ROWAYTONTRADING.COM
"RWC, INC.",http://WWW.RWCINCORPORATED.COM
"SAL CHEMICAL CO., INC.",http://WWW.SALCHEM.COM
"SCHIBLEY SOLVENTS & CHEMICALS CO., INC.",http://WWW.SCHIBLEY.COM
"SCOTWOOD INDUSTRIES, INC.",http://WWW.SCOTWOODINDUSTRIES.COM
SDA CHEMICALS INC,http://WWW.SDACHEMICALS.COM
"SEEPAGE CONTROL, INC.",http://WWW.SEEPAGESEALANT.COM
SELENA USA INC,http://WWW.SELENAUSA.COM
SEPCOR INC,http://WWW.SEPCOR.COM
"SERVICE CHEMICAL AND SUPPLY, INC.",http://WWW.SERVICESQUADS.COM
TRENT SEVERN SERVICES LLC,http://WWW.SEVERNTRENTSERVICES.COM
"SHOWA DENKO AMERICA, INC.",http://WWW.SHODEXHPLC.COM
"SHOWA AMERICA, INC",http://WWW.SHOWA-AMERICA.COM
SIERRA CHEMICAL CO.,http://WWW.SIERRACHEMSALES.COM
"SI GROUP, INC.",http://WWW.SIIGROUP.COM
FERN SILVER CHEMICAL INC,http://WWW.SILVERFERNCHEMICAL.COM
"SINTEX MINERALS & SERVICES, INC.",http://WWW.SINTEXMINERALS.COM
STANLEY J BROWN,http://WWW.SJBROWN.NET
SOLENIS LLC,http://WWW.SOLENIS.COM
SOLVAY USA INC.,http://WWW.SOLVAY.US
"SOLV, INC.",http://WWW.SOLVCOMPANY.COM
"GODAVARI BIOREFINERIES, INC.",http://WWW.SOMAIYA.COM
SOUTHERN PAPER GROUP,http://WWW.SOUTHERNPAPERGROUP.COM
SPECIALTY CHEMICAL SALES INC,http://WWW.SPECIALTYCHEMICALSALES.COM
SPRAY CHEM CHEMICAL CO INC,http://WWW.SPRAYCHEM.COM
"TANDEM POLYMERS, INC.",http://WWW.SPRAYLINER.COM
DEAN MATERIAL & SUPPLY CORP,http://WWW.STRATHMOREPRODUCTS.COM
"SUMITOMO CHEMICAL AMERICA, INC.",http://WWW.SUMITOMOCHEMICALAMERICA.COM
SUPERIOR INDUSTRIAL PRODUCTS,http://WWW.SUPERIORINDUSTRIALPROD.COM
ALBATROSS U.S.A. INC.,http://WWW.SUPERKLEENDIRECT.COM
"SURPASS CHEMICAL COMPANY, INC.",http://WWW.SURPASSCHEMICAL.COM
PDC COMPANY,http://WWW.SWEETPDZ.COM
"SYNERGY PRODUCTS INTERNATIONAL, INC.",http://WWW.SYNERGYPRODUCTS.COM
TABER INCORPORATED,http://WWW.TABERINCORPORATED.COM
TARTARIC CHEMICALS CORP,http://WWW.TARTARICS.COM
"TAU CHEMICALS, INC.",http://WWW.TAUCHEMICALS.COM
"TAVCO CHEMICAL, INC.",http://WWW.TAVCOCHEM.COM
TCP INDUSTRIES LLC,http://WWW.TCPINDUSTRIESLLC.COM
TECHNICAL WATER TREATMENT INC,http://WWW.TECHNICALWATER.COM
TECHNOCHEM CORPORATION,http://WWW.TECHNOCHEM.EN.ECPLAZA.NET
"TEXAS ALLIED CHEMICALS, INC.",http://WWW.TEXASALLIEDCHEMICALS.COM
DISTEC INC,http://WWW.TFL50DISTEC.COM
"TFM NORTH AMERICA, INC",http://WWW.TFMNA.COM
THE GREEN CHEMICAL STORE INC,http://WWW.THEGREENCHEMICALSTORE.COM
"TECHNICAL INDUSTRIES, INC.",http://WWW.TIDISPERSION.COM
"TITAN WATER TECHNOLOGY, INC.",http://WWW.TITANWATER.COM
"TOSOH AMERICA, INC.",http://WWW.TOSOHAMERICA.COM
TR INTERNATIONAL TRADING COMPANY,http://WWW.TRICHEMICALS.COM
TRI-ISO TRYLINE LLC,http://WWW.TRI-ISO.COM
TRONOX INCORPORATED,http://WWW.TRONOX.COM
"TRUTH CHEMICAL, LLC",http://WWW.TRUTHCHEMICAL.COM
"TRANS WESTERN CHEMICALS, INC.",http://WWW.TWCHEM.COM
"T. Z. TRADING, INC.",http://WWW.TZGROUPUSA.COM
UBE AMERICA INC,http://WWW.UBE.COM
"ULTIMATE EPOXY.COM, L.L.C.",http://WWW.ULTIMATEEPOXY.COM
UNICOM INDUSTRIES INC.,http://WWW.UNICOM1.COM
KISCO CONFORMAL COATING,http://WWW.UNIGLOBE-KISCO.COM
"UNIQUE DRILLING FLUIDS, INC",http://WWW.UNIQUEDRILLINGFLUIDS.COM
UNIVAR INC.,http://WWW.UNIVAR.COM
UNIVAR ENVIRONMENTAL SCIENCES,http://WWW.UNIVARES.COM
UNIVAR USA INC.,http://WWW.UNIVARUSA.COM
RAY C FREEMAN,http://WWW.UP-LINK.NET
US ECO PRODUCTS CORPORATION,http://WWW.USECOPRODUCTS.COM
"U.S. GENERAL WHOLESALE SUPPLY, INC.",http://WWW.USGENERALWHOLESALESUPPLY.COM
"NEUMATTER METHODS, LLC",http://WWW.VALENMETHODS.COM
"VALLEY SOLVENT COMPANY, INC.",http://WWW.VALLEYSOLVENTS.COM
VELOCYS INC,http://WWW.VELOCYS.COM
"WALSH & ASSOCIATES, INC.",http://WWW.WALSH-ASSOC.COM
WARSAW CHEMICAL COMPANY INC,http://WWW.WARSAW-CHEM.COM
WILBUR-ELLIS COMPANY LLC,http://WWW.WILBUR-ELLISFEED.COM
WESTERN RESERVE CHEMICAL CORPORATION,http://WWW.WRCHEM.COM
"X-CHEM, LLC",http://WWW.X-CHEM.COM
ZEP INC.,http://WWW.ZEPINC.COM
"ADVANTAGE DISTRIBUTING, INC",http://www.advantagelubes.com/
AMSOIL SYNTHETIC LUBRICANTS,http://WWW.1SYN.COM
21ST CENTURY LUBRICANTS,http://WWW.21STCENTURYLUBRICANTS.NET
CONOCO PHILLIPS INC,http://WWW.76.COM
"ADAMS OIL ENTERPRISES, INC.",http://WWW.ADAMSOIL.COM
"ADVANCED LUBRICATION SPECIALTIES, INC.",http://WWW.ADVANCEDLUBES.COM
"ALCO-METALUBE, CO., L.L.C.",http://WWW.ALCO-METALUBE.COM
"TEXAS ENTERPRISES, INC",http://WWW.ALLIEDSALESCO.COM
"ALPHA LUBRICANTS, LLC",http://WWW.ALPHALUBRICANTSLLC.COM
"ADVANCED LUBRICATION TECHNOLOGY, INC.",http://WWW.ALTBORON.COM
"AMERICAN CHEMICAL TECHNOLOGIES, INC.",http://WWW.AMERICANCHEMTECH.COM
"AMERICAN LUBRICANTS, INC.",http://WWW.AMERICANLUBRICANTSBFLO.COM
"AMERICAN SYNTHOL, INC.",http://WWW.AMERICANSYNTHOL.COM
AMSOIL PRODUCTS,http://WWW.AMO1PRO.COM
SUPERIOR PETROLEUM PRODUCTS INC,http://WWW.AMOCOHIPOINTEAUTOSERVICEANDWASH.COM
AMSOIL,http://WWW.AMSOIL.COM
"ANDERSON LUBRICANTS, INC.",http://WWW.ANDERSONLUBES.COM
"A.P. FISCHER, INC.",http://WWW.APFISCHER.COM
"APOLLO OIL, LLC",http://WWW.APOLLOOIL.COM
ARMOLD-TEX CORP,http://WWW.ARM-TEX.COM
LEDING LUBRICANTS INC,http://WWW.AUTOMATIC-LUBRICATION.COM
"GRIFFIN INDUSTRIES, INC.",http://WWW.BAKERYFEEDS.COM
BALLARD OIL COMPANY,http://WWW.BALLARDOIL.COM
"BEACON LUBRICANTS, INC",http://WWW.BEACONLUBRICANTS.COM
ADVANCED THERMAL SCIENCES,http://WWW.BEAEROSPACE.COM
BEEBE OIL COMPANY,http://WWW.BEEBEOIL.COM
BERKSHIRE SYNTHETIC LUBRICANTS,http://WWW.BERKLUBE.COM
CENTRAL PENN OIL,http://WWW.BERKSPOTTSTOWNHEATINGOIL.COM
MARK R HANSEN,http://WWW.BESTSYNOIL.COM
BETTS OIL & BUTANE INC,http://WWW.BETTSOIL.COM
BEX INTERNATIONAL LLC,http://WWW.BEXOIL.COM
"LORIN FLEMING DISTRIBUTING CO., INC.",http://WWW.BGFLEMING.COM
"BG PRODUCTS, INCORPORATED",http://WWW.BGPROD.COM
"BISHOP'S ORIGINAL PRODUCTS INTERNATIONAL, L.L.C.",http://WWW.BISHOPSORIGINAL.EU
EXXONMOBIL OIL CORPORATION,http://WWW.BISMAMOBIL.COM
AMERICAN PUMP SYSTEMS INCORPORATED,http://WWW.BKSUPPLYINC.COM
"ADVANCED DISTRIBUTION SERVICES, LTD.",http://WWW.BLASTERPLUS.COM
"TURNBULL OIL, INC",http://WWW.BOSSELMANENERGY.COM
BROOKSIDE SALES INC,http://WWW.BROOKSIDELUMBER.COM
B-W INDUSTRIAL SUPPLY CORPORATION,http://WWW.BWINDUSTRIALSUPPLY.COM
CAL OHIO LUBE PRODUCTS COMPANY INC,http://WWW.CALOHIOLUBE.COM
LUBRICANTS CALUMET,http://WWW.CALUMETSPECIALTY.COM
CANYON STATE OIL COMPANY INC,http://WWW.CANYONSTATEOIL.COM
"CARGILL, INCORPORATED",http://WWW.CARGILL.COM
NEXTPOTENTIAL,http://WWW.CEIGATEWAY.COM
"CHALET PRODUCTS CO., INC.",http://WWW.CHALETPRODUCTS.COM
CHS INC.,http://WWW.CHSINC.COM
"CIRCLE LUBRICANTS, INC.",http://WWW.CIRCLELUBRICANTS.COM
LUBRICATION SERVICES INC,http://WWW.COASTALCHEM.COM
DEBRICH ENTERPRISES,http://WWW.COLORADOLUBE.COM
"COLVIN OIL COMPANY, INC",http://WWW.COLVINOIL.COM
CORRIGAN LUBRICANTS LLC,http://WWW.CORRIGANOIL.COM
CRAFT OIL CORPORATION,http://WWW.CRAFTOILCORP.COM
"D-A LUBRICANT COMPANY, INC.",http://WWW.DALUBE.COM
DARLING INGREDIENTS INC.,http://WWW.DARLINGII.COM
"DECKMAN OIL CO., INC.",http://WWW.DECKMANOIL.COM
"DENNISON LUBRICANTS, INC.",http://WWW.DENLUBE.COM
DEVON ENERGY CORPORATION,http://WWW.DEVONENERGY.COM
DRY LUBE OF MICHIGAN,http://WWW.DICRONITE.COM
DOUGLAS SYNTHETIC LUBRICANTS,http://WWW.DOUGLASSYNTHETICLUB.COM
DR LUBRICANTS INC,http://WWW.DRLUBRICANTS.COM
EASTERN OIL COMPANY,http://WWW.EASTERNOIL.COM
ECO ADVANCED LLC,http://WWW.ECOADVANCED.NET
"EDWARDS OIL COMPANY, INC.",http://WWW.EDWARDSOILANDPROPANE.COM
ELBA LUBRICATION INC,http://WWW.ELBA-LUBES.COM
EMERSON LUBRICANTS LLC,http://WWW.EMERSONLUBRICANTS.COM
"EMERSON OIL CO., INC.",http://WWW.EMERSONOIL.COM
ENDURANCE SYNTHETIC LUBRICANTS,http://WWW.ENDURANCESYNTHETICS.COM
"ENERGY ADDITIVES, INC.",http://WWW.ENERGYADDITIVES.COM
"WILLIAMS ENERGY SERVICES, LLC",http://WWW.ENERGYTECHNICALSERVICES-AL.COM
"DE MILLER HOLDINGS, INC.",http://WWW.ETPRODUCTS.COM
EUROLINE INC,http://WWW.EUROLINEUSA.COM
"EVCO PETROLEUM PRODUCTS, INC.",http://WWW.EVCOPETROLEUM.COM
"EXCEL PERFORMANCE PRODUCTS, LLC",http://WWW.EXCELPERFORMANCE.COM
"NORTHCOAST INDUSTRIAL DISTRIBUTING, INC.",http://WWW.FARLEYCOMPANY.COM
"FAR WEST OIL COMPANY, INC",http://WWW.FARWESTOIL.COM
"FAUSER OIL CO, INC.",http://WWW.FAUSERENERGY.COM
"COASTAL CHEMICAL CO., L.L.C.",http://WWW.FIELDDATAONLINE.COM
"FRONTIER PERFORMANCE LUBRICANTS, INC.",http://WWW.FRONTIERLUBRICANTS.COM
GARDNER SYNTHETIC LUBRICANTS LLC,http://WWW.GARDNEROIL.COM
"GATES ENGINEERED LUBRICANTS, LLC",http://WWW.GATESEL.COM
"GENERAL PETROLEUM, INC.",http://WWW.GENPET.COM
"BWE, LLC",http://WWW.GHBERLINWINDWARD.COM
DOUGLAS POPP,http://WWW.GIBBSBRANDLUBRICANT.COM
GIBBS LUBRICANTS OF TEXAS,http://WWW.GIBBSLUBTX.COM
GILCO LUBRICANTS INC,http://WWW.GILCOOIL.COM
GLENCORE LTD.,http://WWW.GLENCORE.COM
"GOLDEN GEAR LUBRICANTS, INC.",http://WWW.GOLDENGEARLUBRICANTS.COM
US GOLDEN LUBRICANTS CORP,http://WWW.GOLDENLUBRICANTS.COM
"INGERSOLL ENGINEERING COMPANY, INC.",http://WWW.GREASOMATIC.COM
GREAT LAKES SCAFFOLDING INC.,http://WWW.GREATLAKESSCAFFOLDING.COM
GREEN-TECH LUBRICANTS,http://WWW.GREENTECHLUBRICANTS.COM
GUARD DOG MOLY LUBRICANTS INC.,http://WWW.GUARDDOGMOLY.COM
"GOLDENWEST LUBRICANTS, INC.",http://WWW.GWLINC.COM
HALCO LUBRICANTS,http://WWW.HALCOLUBRICANTS.COM
HARTLAND LUBRICANTS & CHEMICALS,http://WWW.HARTLANDLUBES.COM
H & B SUPPLY INC,http://WWW.HBIND.COM
FRAMPTON OIL CO INC,http://WWW.HEATHOILINC.COM
"HEATHWOOD OIL COMPANY, INC.",http://WWW.HEATHWOODOIL.COM
AMSOIL SYNTHETIC LUBRICANTS,http://WWW.HIGHPERFORMANCESYNTHETICS.COM
AMSOIL SYNTHETIC LUBRICANTS,http://WWW.HIGHTECHSYNTHETICOIL.COM
"H J S OF WISCONSIN, INC",http://WWW.HJSUSA.COM
HOLIDAY OIL COMPANY,http://WWW.HOLIDAYOIL.COM
"HOP ENERGY, LLC",http://WWW.HOPENERGY.COM
HOWARD CITY PRO-LUBE,http://WWW.HOWARDCITY.ORG
"A. J. HURT, JR., INCORPORATED",http://WWW.HURTCO.COM
"HYDROTEX PARTNERS, LTD.",http://WWW.HYDROTEXLUBE.COM
INTERMOUNTAIN SYNTHETIC OILS & LUBRICANTS,http://WWW.IMSOL.SHOPAMSOIL.COM
MCCLURE OIL CORPORATION,http://WWW.IN.MCCLUREOIL.NET
INDUSTRIAL LUBRICANTS & PRODUCTS INC,http://WWW.INDUSLUBESPRODUCTS.COM
INDUSTRIAL LUBRICANT COMPANY,http://WWW.INDUSTRIALLUBRICANT.COM
INDUSTRIAL OIL & SUPPLY CO,http://WWW.INDUSTRIALOILANDSUPPLY.COM
INTEGRITY LUBRICANTS LLC,http://WWW.INTEGRITYLUBRICANTS.COM
INDUSTRIAL OILS UNLIMITED INC,http://WWW.IOUINC.COM
"INDUSTRIAL SEALING & LUBRICATION, INC.",http://WWW.ISLGROUP.COM
"IXL PREMIUM LUBRICANTS, INC.",http://WWW.IXLOIL.COM
JAX INC.,http://WWW.JAX.COM
JEFF SHERRY,http://WWW.JEFFSHERRY.COM
JG LUBRICANT SERVICES LLC,http://WWW.JGLUBRICANTSERVICES.COM
NEW HORIZON LUBRICATION LLC,http://WWW.JIFFYLUBE.COM
"JAY MEHTA, INC.",http://WWW.JMOILCO.COM
"J.M. REYNOLDS OIL COMPANY, INC.",http://WWW.JMROIL.COM
J CINCO INC,http://WWW.JOHNSONOILCOMPANY.COM
JR1 LUBRICANTS LLC,http://WWW.JR1LUBRICANTS.COM
"KAMP OIL, INC.",http://WWW.KAMPOIL.COM
KBR FUELS & LUBRICANTS INC,http://WWW.KBRFUELS.COM
AMSOIL SYNTHETIC LUBRICNTS INC,http://WWW.KCMARLAND4OIL.COM
"KIC CHEMICALS, INC.",http://WWW.KICGROUP.COM
KLUBER LUBRICATION NORTH AMERICA L.P.,http://WWW.KLUBERSOLUTIONS.COM
LION OIL COMPANY,http://WWW.LIONOIL.COM
LIQUIFIX INC.,http://WWW.LIQUIFIX.COM
"LOADMASTER LUBRICANTS, LLC",http://WWW.LOADMASTERGREASE.COM
"LUBCON TURMO LUBRICATION, INC.",http://WWW.LUBCONUSA.COM
PRO-LUBE DISTRIBUTING,http://WWW.LUBEDEALER.COM
TECHNOLOGY ASSOCIATES INC.,http://WWW.LUBEKITS.COM
LUBE SUPPLIERS LLC,http://WWW.LUBESUPPLIERS.COM
LUBRICATION TECH INC,http://WWW.LUBETECH.COM
HALLMAN OIL COMPANY,http://WWW.LUBE-TECH.COM
"LUBRICATION TECHNOLOGIES, INC.",http://WWW.LUBETECHNOLOGIES.COM
FISKE BROTHERS REFINING COMPANY,http://WWW.LUBRIPLATE.COM
THE LUBRIZOL CORPORATION,http://WWW.LUBRIZOL.COM
LYDEN OIL COMPANY,http://WWW.LYDENOIL.COM
MAJESTIC LUBRICANTS,http://WWW.MAJESTICLUBRICANTS.COM
MANHATTAN OIL,http://WWW.MANHATTANOIL.COM
"MARTIN LUBRICANTS, LLC",http://WWW.MARTINTOOLANDSUPPLY.COM
SUPERIOR LUBRICANTS COMPANY INCORPORATED,http://WWW.MAXXIMUMPERFORMANCELUBRICANTS.COM
"YO, CHONG",http://WWW.MBE.COM
AMSOIL SYNTHETIC LUBRICANTS,http://WWW.MCBPRODUCTS.NET
METALLOID SOWEST INC.,http://WWW.METALLOIDCORP.COM
METALWORKING LUBRICANTS COMPANY,http://WWW.METALWORKINGLUBRICANTS.COM
METCHINE INDUSTRIAL PRODUCTS,http://WWW.METCHINE.COM
MICHIGAN PETROLEUM TECHNOLOGIES INC,http://WWW.MICHIGANPETROLEUM.COM
"MIDWEST LUBRICANTS, INC.",http://WWW.MIDLANDS.NET
MIGHTY LUBE USA SALES INC,http://WWW.MIGHTYLUBE.COM
MILES PETROLEUM CO. INC.,http://WWW.MILESOIL.COM
MIRACLE POWER PRODUCTS CORPORATION,http://WWW.MIRACLEPOWERPRODUCTS.COM
MR CAR WASH LUBE CENTER,http://WWW.MISTERCARWASH.COM
"MACMILLAN OIL COMPANY OF ALLENTOWN, INC.",http://WWW.MOCAOILS.COM
"MOORE & BALLIEW OIL COMPANY, INC.",http://WWW.MOOREBALLIEWOIL.COM
MORELAND OIL CO.,http://WWW.MORELANDOIL.COM
MOTOR OIL SUPPLY COMPANY,http://WWW.MOTOROILSUPPLY.COM
"MOTUL USA, INC.",http://WWW.MOTUL.COM
MVP VACUUM INC.,http://WWW.MVPVACUUM.COM
AMERICAN EXPORTS,http://WWW.NAUTICOM.NET
NEELY INDUSTRIES,http://WWW.NEELYINDUSTRIES.COM
"NICKEY PETROLEUM COMPANY, INC.",http://WWW.NICKEYPETROLEUM.COM
NOCO ENERGY CORP.,http://WWW.NOCO.COM
"NORTHWEST ENTERPRISES, INC.",http://WWW.NORTHWESTOIL.COM
"NYE LUBRICANTS, INC.",http://WWW.NYELUBRICANTS.COM
"OCEAN STATE OIL, INC.",http://WWW.OCEANSTATEOIL.COM
"OIL CENTER MANUFACTURING, INC.",http://WWW.OILCENTER.COM
"OIL CHEM, INC.",http://WWW.OILCHEMINC.COM
OIL DISTRIBUTING CO,http://WWW.OILDISTRIBUTING.COM
"OIL SERVICE, INC.",http://WWW.OILSERVICE.COM
DAVID CONSALVO,http://WWW.OIL-SYNTHETIC.COM
"OMNI LUBRICANTS, LTD.",http://WWW.OMNILUBRICANTS.COM
PACE MARKETING CORPORATION,http://WWW.PACEMARKETING.NET
PACIFIC CORROSION PRODUCTS INC,http://WWW.PACIFICCORROSION.COM
"PANOLIN AMERICA, INC.",http://WWW.PANOLINAMERICA.COM
PARKER OIL COMPANY INC.,http://WWW.PARKEROILCO.COM
PARM TRADING CO. OF N.Y.C. INC,http://WWW.PARMTRADING.COM
PENCO OIL COMPANY,http://WWW.PENCOOIL.COM
PENNZOIL - QUAKER STATE COMPANY,http://WWW.PENNZOIL.COM
PERFORMANCE NORTHWEST INC,http://WWW.PERFORMANCENORTHWEST.COM
PERFORMANCE PLUS,http://WWW.PERFORMANCEPLUSOIL.COM
PETROBLEND CORP.,http://WWW.PETROBLEND.COM
"PETROCARD, INC.",http://WWW.PETROCARD.COM
"LOOS & DILWORTH, INC.",http://WWW.PETROCHOICE.COM
"PJH BRANDS, INC.",http://WWW.PJ1.COM
PLEASANTVILLE THORNWOOD SELF STORAGE,http://WWW.PLEASANTVILLESTORAGE.COM
PLYMOUTH LUBRICANTS,http://WWW.PLYMOUTHLUBRICANTS.COM
POLSINELLO FUELS INC.,http://WWW.POLSINELLO.COM
"POWER LUBE INDUSTRIAL, LLC",http://WWW.POWERLUBEIND.COM
POWER PLUS LUBRICANTS,http://WWW.POWERPLUSLUBRICANTS.COM
PPC CORP.,http://WWW.PPCDEFSOLUTIONS.COM
"LANCASTER LUBRICANTS, INC.",http://WWW.PPCLUBRICANTS.COM
"PREMIUM LUBE, INC.",http://WWW.PREMIUMTIREANDLUBE.COM
PROLONG SUPERLUBE DISTRIBUTOR,http://WWW.PROLONG.COM
"PROLONG SUPER LUBRICANTS, INC.",http://WWW.PROLONG-HUNGARY.COM
PRO-LUBE INC,http://WWW.PROLUBEONLINE.COM
"PROMOMIN, LLC",http://WWW.PROMOMIN.COM
TRIPLE K LUBRICANTS,http://WWW.PURVISINDUSTRIES.COM
"PHILADELPHIA WHOLESALE DISTRIBUTORS, INC.",http://WWW.PWDLUBRICANTS.COM
QA LUBRICANTS INC,http://WWW.QALUBE.COM
"QUALITY PETROLEUM, INC.",http://WWW.QUALITYPETROLEUMINC.COM
KWIK KAR LUBE AND TUNE ON MOCKINGBIRD,http://WWW.QUICKCAR.NET
"RPP PRODUCTS, INC.",http://WWW.RACEPROPRODUCTS.COM
"RAINY LAKE OIL, INC.",http://WWW.RAINYLAKE.ORG
"RAMOS OIL CO., INC.",http://WWW.RAMOSOIL.COM
PHILLIPS 66 SPECTRUM CORPORATION,http://WWW.REDLINEOIL.COM
"RELY SUPPLY, LLC",http://WWW.RELYSUPPLY.COM
RHINEHART OIL,http://WWW.RHINEHARTOIL.COM
"ROGERS PETROLEUM SERVICES, INC.",http://WWW.ROGERSPETROLEUM.COM
RONS SERVICE CENTER,http://WWW.RONSSERVICECENTER.COM
"ROWLEY BROTHERS, INC",http://WWW.ROWLEYS.COM
DIVERSIFIED LUBRICANTS,http://WWW.S-3OIL.COM
GLENDALE AUTO REPAIR & RENTAL,http://WWW.SANDJRENTALANDREPAIR.COM
"SANDY BRAE LABORATORIES, INC.",http://WWW.SANDYBRAE.COM
WILLIAM G SATTERLEE & SONS INC,http://WWW.SATTERLEEFUEL.COM
"SAVEWAY PETROLEUM, INC",http://WWW.SAVEWAYPETRO.COM
SAXTON INDUSTRIES INC,http://WWW.SAXTONINDUSTRIES.COM
SCHAEFFER MANUFACTURING COMPANY,http://WWW.SCHAEFFEROIL.COM
"SCOPE MARKETING, INC.",http://WWW.SCOPEMARKETINGINC.COM
"AUTO-MARK, INC.",http://WWW.SEAFOAMSALES.COM
BRIAN D WORTHY,http://WWW.SERVICEOILCO.COM
EQUILON ENTERPRISES L. L. C.,http://WWW.SHELL.COM
SKS INC.,http://WWW.SKSOIL.COM
"SOCO SYNTHETICS, LLC",http://WWW.SOCOSYNTHETICSLLC.COM
SOLID BALANCE LLC,http://WWW.SOLIDGOLDPET.COM
"SOUTHERN LUBRICANTS, INC.",http://WWW.SOUTHERNLUBRICANTS.COM
TRANSOIL INC,http://WWW.SOUTHMNOIL.COM
STEELCO INDUSTRIAL LUBRICANTS INC,http://WWW.STEELCOLUBRICANTS.COM
"STOCKMAN OIL TWO, INC.",http://WWW.STOCKMANOIL.COM
SUBURBAN OIL COMPANY,http://WWW.SUBURBANOIL.COM
"SUPERIOR LUBRICANTS COMPANY, INC.",http://WWW.SUPERIORLUBRICANTS.COM
"SUPREME OIL COMPANY, INCORPORATED",http://WWW.SUPREMELUBRICANTS.COM
SWEEK ENTERPRISES,http://WWW.SWEEKENT.COM
"WEAVER, DEL",http://WWW.SYNLUBE4U.COM
SYNLUBES,http://WWW.SYNLUBESINC.COM
KEITH WILLIAMS AMSOIL DEALER,http://WWW.SYNTHETICSAVES.COM
TEAM PETROLEUM LLC,http://WWW.TEAMPETROLEUM.COM
TECHNOLOGY LUBRICANTS CORPORATION,http://WWW.TECHNOLOGYLUBRICANTS.COM
"TESEI PETROLEUM, INC.",http://WWW.TESEIPETRO.COM
ATLANTIC STATES LUBRICANTS CORP,http://WWW.THEOILNET.COM
THE SOCO GROUP INC,http://WWW.THESOCOGROUP.COM
"TIODIZE CO., INC.",http://WWW.TIODIZE.COM
TOOL TECHNOLOGY DISTRIBUTORS INC.,http://WWW.TOOLTECHNOLOGY.COM
TOPGUN RACING PRODUCTS,http://WWW.TOPGUNRACINGPRODUCTS.COM
ATLAS ASIA-PACIFIC,http://WWW.TOPOIL.COM
THE TORRLUBE COMPANY LLC,http://WWW.TORRLUBE.COM
TRAC LUBRICANTS AND COATINGS LLC,http://WWW.TRACCOATINGS.COM
TRUCK WORLD INC,http://WWW.TRUCKWORLDINC.COM
"TRUEBLOOD OIL CO., INC.",http://WWW.TRUEBLOODOIL.COM
"T. S. MOLY-LUBRICANTS, INC.",http://WWW.TSMOLY.COM
"TULCO OILS, INC.",http://WWW.TULCO.COM
TYCO INCORPORATED,http://WWW.TYCO1.COM
"UNI PRO CHEMICAL MANAGEMENT SERVICES, INC",http://WWW.UNIPROCMS.COM
ALIT INC,http://WWW.USEPOXY.COM
US LUBE INC,http://WWW.USLUBEINC.COM
U.S. LUBES LLC,http://WWW.USLUBES.COM
"US LUBRICANTS, INC.",http://WWW.USLUBRICANTS.COM
US VENTURES,http://WWW.USOIL.COM
VALLEY DISTRIBUTION CORP.,http://WWW.VALLEYDISTRIBUTION.COM
VESCO OIL CORPORATION,http://WWW.VESCO-OIL.COM
VICTORY LANE QUICK OIL CHANGE INC,http://WWW.VICTORYLANE.NET
"VISION INDUSTRIAL SALES, INC.",http://WWW.VISIONINDUSTRIALSALES.COM
AMSOIL DIRRECT WAREHOUSE,http://WWW.WALSH72777.SHOPAMSOIL.COM
"WARREN DISTRIBUTION, INC.",http://WWW.WARRENDISTRIBUTION.COM
WD-40 COMPANY,http://WWW.WD40.COM
"APPLIED INDUSTRIAL TECHNOLOGIES - DIXIE, INC.",http://WWW.WEB.APPLIED.COM
SYNERGYN EXPORTS,http://WWW.WEBNETEDUCATION.COM
WESTERN PETROLEUM COMPANY,http://WWW.WESTERNPETRO.COM
"WESTERN MARKETING, INC.",http://WWW.WESTMKTG.COM
SHARON JONES,http://WWW.WHITEFILECABINETS.COM
"WILLIAMS LUBRICANTS, INC.",http://WWW.WILLIAMSOIL.COM
WNY SYNTHETICS,http://WWW.WNYSYNTHETICS.COM
WOLFE CHEMICALS INC,http://WWW.WOLFECHEMICALS.COM
"WOLVERINE OIL & SUPPLY CO., INC.",http://WWW.WOLVERINEOIL.COM
XG INDUSTRIES TECHNOLOGY LLC,http://WWW.XGINDUSTRIES.COM
YOUNG OIL CORPORATION,http://WWW.YOUNGOILTEXAS.COM
ACCURATE-AIR GASES & EQUIPMENT LL,http://WWW.ACCUAIR.COM
AFCO,http://WWW.AFCOCARE.COM
AGRI-TOOL & SUPPLY,http://WWW.AGRITOOLSUPPLY.COM
"AIRWELD, INC.",http://WWW.AIRWELD.NET
"ALL AMERICAN WELDING SUPPLY, INC.",http://WWW.ALL-AMER.COM
"ALLIED GASES AND WELDING SUPPLIES, INC.",http://WWW.ALLIEDGASES.COM
AMERICAN CYLINDER GAS INC,http://WWW.AMERICANCYLINDERGAS.COM
"TEXARC METALS, INC.",http://WWW.AMFILLER.COM
"AMERICAN WELDING & GAS, INC.",http://WWW.AMWELDING.COM
"TRICOR INDUSTRIAL, INC.",http://WWW.ASTROLITE.COM
ATLANTIC STUD WELDING INC,http://WWW.ATLANTICSTUDWELDING.COM
"BADGER WELDING SUPPLIES, INC.",http://WWW.BADGERWELDING.COM
"BAMTECH, LLC",http://WWW.BAMTECH.COM
"BEMIDJI WELDERS SUPPLY, INC.",http://WWW.BEMIDJIWELDERSSUPPLY.COM
BRANAM MARKETING CORPORATION,http://WWW.BRANAMFASTENING.COM
"CADRE WIRE GROUP, INC.",http://WWW.CADREWIRE.COM
"CALIFORNIA TOOL & WELDING SUPPLY, LLC",http://WWW.CALTOOL.COM
"CGI INTERNATIONAL, LLC",http://WWW.CGI-INTERNATIONAL.COM
"EAST TRADING, INC.",http://WWW.CHINAWELDINGSUPPLIES.COM
C H SYMINGTON & COMPANY INC,http://WWW.CHSYMINGTON.COM
"CHURCH TOWNE GAS & WELDING SUPPLY, LLC",http://WWW.CHURCHTOWNEGAS.COM
COASTAL WELDING SUPPLY INC,http://WWW.COASTALWS.COM
WELDSERV CO,http://WWW.CONCENTRIC.NET
CRANSTON WELDING SUPPLY CO.,http://WWW.CRANSTONWELDING.COM
CRYO WELD CORPORATION,http://WWW.CRYOWELD.COM
CARL STROM,http://WWW.C-SERT.COM
"D & D INDUSTRIAL WELDING SUPPLY, INC.",http://WWW.DANDDINDUSTIALWELDING.COM
DELILLE OXYGEN COMPANY,http://WWW.DELILLE.COM
DELTA WELDING SUPPLY INC,http://WWW.DELTAWELDINGSUPPLY.COM
DUKANE CORPORATION,http://WWW.DUKANE-STORE.COM
"DUPUY OXYGEN & SUPPLY COMPANY, INC.",http://WWW.DUPUYOXYGEN.COM
"SOUTH KENTUCKY WELDING SUPPLY COMPANY, INC.",http://WWW.EASTERNWELDINGSUPPLY.COM
THE ESAB GROUP INC,http://WWW.ESABNA.COM
EUMEX ENTERPRISES INC,http://WWW.EUMEXUSA.COM
EUREKA OXYGEN COMPANY,http://WWW.EUREKAOXYGENCOMPANY.COM
"EVANSVILLE WELDING SUPPLY, LLC",http://WWW.EVANSVILLEWELDINGSUPPLY.COM
EXCELLOY INDUSTRIES INC,http://WWW.EXCELLOYWELDING.COM
FALCON CONSUMABLES LLC,http://WWW.FALCON-CONSUMABLES.COM
FATCHIC WELDING SUPPLIES,http://WWW.FATCHICWELDING.COM
FIVE STAR SHOP SERVICE COMPANY,http://WWW.FIVESTARSHOPSERVICE.COM
"GALLUP WELDERS SUPPLY, INC.",http://WWW.FOURCORNERSWELDING.COM
"FRESNO OXYGEN AND WELDING SUPPLIERS, INC.",http://WWW.FRESNOOXYGEN.COM
"FRONTIER SHOP SUPPLIES, INC.",http://WWW.FRONTIERSHOPSUPPLIES.COM
"TA CORPORATE HOLDINGS, INC.",http://WWW.GASESANDARC.COM
GREAT LAKES WELDING SUPPLIES INC,http://WWW.GREATLAKESWELDINGSUPPLY.COM
"HAUN WELDING SUPPLY, INC.",http://WWW.HAUNWELDINGSUPPLY.COM
HAVARD WELDING SUPPLY CO INC,http://WWW.HAVARDWELDING.COM
HOCON INDUSTRIAL GAS INC,http://WWW.HOCONINDUSTRIAL.COM
H-TOWN OXYGEN COMPANY,http://WWW.HTOWNWEBSTORE.COM
HUBER SUPPLY CO.,http://WWW.HUBERSUPPLY.COM
HUMBLE WELDING SUPPLY LP,http://WWW.HUMBLEWELDING.COM
INDUSTRIAL WELDING SUPPLY INC.,http://WWW.INDUSTRIALWELDING.NET
"IVEY INDUSTRIES, INC.",http://WWW.IVEYIND.COM
"JACKSON WELDING SUPPLY COMPANY, INC.",http://WWW.JACKSONWELDINGSUPPLY.COM
JERAMI KENNAMER,http://WWW.JERAMIKENNAMERWELDING.COM
"JONES WELDING SUPPLY, INC",http://WWW.JONESWELDING.COM
KEEN COMPRESSED GAS CO.,http://WWW.KEENGAS.COM
MCGILL DISTRIBUTION LLC,http://WWW.KELLYSQUILTS.COM
"KOEHLER WELDING SUPPLY, INC.",http://WWW.KOEHLERWELD.COM
LARRY S WELDING SUPPLY INC,http://WWW.LARRYSWELDINGSUPPLY.COM
LINCOLN ELECTRIC COMPANY,http://WWW.LINCOLNELECTRIC.IN
LINDE LLC,http://WWW.LINDE.COM
LT REQUISITIONS INC,http://WWW.LTREQ.COM
"UNITED ALLOYS R & D, INC",http://WWW.MAGICHANDCLEANER.NET
"MAILAM, USA CORPORATION",http://WWW.MAILAMUSA.COM
MARKS MAN WEILDING,http://WWW.MARKSMENWELDING.COM
"MATHESON TRI-GAS, INC.",http://WWW.MATHESONGAS.COM
MBM BOSS CORP.,http://WWW.MBMBOSSCORP.COM
"FTW REALTY, INC.",http://WWW.METROPLEXWELDING.COM
MICHIGAN INDUSTRIAL GASES INC,http://WWW.MICHIGANINDUSTRIALGASES.COM
MILLER CUSTOM METALS LLC,http://WWW.MILLERCUSTOMMETALS.COM
"MODERN SUPPLY COMPANY, INC.",http://WWW.MODERNSUPPLYCOMPANY.COM
MINNEAPOLIS OXYGEN COMPANY,http://WWW.MPLSO2.COM
MUGGY WELD LLC,http://WWW.MUGGYWELD.COM
"TRACK-WELD INDUSTRIES, INC",http://WWW.MW-WELD.COM
"NEW BRAUNFELS WELDERS SUPPLY, INC.",http://WWW.NBWELDERS.COM
N S W D INC,http://WWW.NELSONSTUD.COM
"NEW WAVE WELDING TECHNOLOGY, LP",http://WWW.NEWWAVEWELDING.COM
OCHOA & ASSOCIATES,http://WWW.OCHOAPATENTS.COM
"OXFORD ALLOYS, INC.",http://WWW.OXFORDALLOYS.COM
PRECISION ALLOYS COMPANY,http://WWW.PALCOWELDINGSUPPLY.COM
PINE CREEK CREATION,http://WWW.PINECREEKCREATIONS.COM
"SOWESCO WEST, L.L.C",http://WWW.PINNACLEALLOYS.COM
"POWERWELD, INC.",http://WWW.POWERWELDINC.COM
"ASSOCIATED EQUIPMENT COMPANY, INC.",http://WWW.PROFAX-LENCO.COM
P.R.S. INDUSTRIES INC.,http://WWW.PRSINDUSTRIES.COM
HIATT WELDING & INDUSTRIAL SUPPLY INC,http://WWW.PURITYGAS.COM
"BIG TWO INDUSTRIAL GAS & EQUIPMENT, INC.",http://WWW.QESC.COM
"RAMSEY WELDING SUPPLY, INC.",http://WWW.RAMWELD.COM
"REPAIR-ALLOY, INC.",http://WWW.REPAIRALLOY.COM
"R & M WELDING PRODUCTS, INC.",http://WWW.RMWELDPROD.COM
"ROBERTS OXYGEN COMPANY, INC.",http://WWW.ROBERTSOXYGEN.COM
SCHAD AND PULTE WELDING SUPPLY INC,http://WWW.SCHADANDPULTE.COM
SCHOLZEN PRODUCTS COMPANY,http://WWW.SCHOLZENPRODUCTS.COM
"SCOTT-GROSS COMPANY, INC.",http://WWW.SCOTTGROSS.COM
SCULLY WELDING SUPPLY CORP,http://WWW.SCULLYWELDING.COM
SHASTA WELDING SUPPLY INC.,http://WWW.SHASTAWELDINGSUPPLY.COM
SIMCO-TUFFALOY INC,http://WWW.SIMCOWELD.COM
"S. J. SMITH CO., INC.",http://WWW.SJSMITH.COM
"SKY OXYGEN, INC.",http://WWW.SKY-OXYGEN.COM
"SONICS & MATERIALS, INC.",http://WWW.SONICS.COM
"SORENSEN WELDING, INC",http://WWW.SORWELDING.COM
"SOWESCO I, LLC",http://WWW.SOWESCO.COM
SPECIALTY METALS & ALLOYS INC,http://WWW.SPECIALMETALS.COM
"CHICAGO WELDING, INC.",http://WWW.STARTECHWELD.COM
WESTERN STUD WELD INC,http://WWW.STUDWELDING.COM
INDEPENDENT ALLOYS INC,http://WWW.SUPERIORFLUX.COM
SUPERIOR WELDING SUPPLY CO.,http://WWW.SUPWELD.COM
SWEETWATER IRON LLC,http://WWW.SWEETWATERSUPPLIES.COM
SOUTHERN WELDING SYSTEMS INC,http://WWW.SWSINTL.COM
"SOUTHERN STUD WELD, INC",http://WWW.TAGGINGSYSTEM.COM
"ROBINSON TECHNICAL SOUTHEAST, INC.",http://WWW.TECHNIWELDUSA.COM
AUSTIN WELDING SUPPLY INC,http://WWW.TEXASWELDINGSUPPLY.COM
DANGLER GUYS LLC,http://WWW.THEDANGLERGUYS.COM
J. B. ALLOY CORPORATION,http://WWW.UNIBRAZE.COM
U. S. ALLOYS CO.,http://WWW.USALLOYS.BIZ
U S OXO LLC,http://WWW.USOXO.COM
"VERN LEWIS WELDING SUPPLY, INC.",http://WWW.VERNLEWIS.COM
THERMADYNE LOS ANGELES REGIONAL DISTRIBUTION CENTER,http://WWW.VICTORTECHNOLOGIES.COM
"SUPER GAS, INC.",http://WWW.WAGNERWELDINGSUPPLY.COM
WECO SUPPLY COMPANY,http://WWW.WECOSUPPLY.COM
FOR THE LOVE OF MACKINAC,http://WWW.WEDDINGSONMACKINAC.COM
WELDER SERVICE CO INC,http://WWW.WELDERSERVICE.COM
WELDER'S HEAVEN,http://WWW.WELDERSHEAVENSJ.COM
WELDER'S SUPPLY,http://WWW.WELDERSSUPPLYLLC.COM
WELSCO INC,http://WWW.WELDERSSUPPLYSA.COM
ROCKMOUNT RESEARCH & ALLOYS INC,http://WWW.WELDIT.COM
RELIABLE TECHNICAL SERVICES,http://WWW.WELDMART.COM
WELD SPECIALTY SUPPLY CORPORATION,http://WWW.WELDSPECIALTY.COM
WELD TECH ALLOYS INC,http://WWW.WELDTECHALLOYS.COM
MEDAR,http://WWW.WELDTECHCORP.COM
STANLEY KESSLER & CO,http://WWW.WELDWIRE.NET
"WELSCO, INC.",http://WWW.WELSCO.COM
"WESTAIR GAS & EQUIPMENT, LP",http://WWW.WESTAIRGAS.NET
WESTAIR GASES & EQUIPMENT INC,http://WWW.WESTAIRGASES.COM
PENN WEST LACO INC,http://WWW.WESTPENNLACO.COM
"WHEATON COMPANY, INC,",http://WWW.WHEATONCOMPANY.COM
RAIMY CORPORATION,http://WWW.WSCRC.COM
